Country,Happiness Rank,Ladder score,Economy,Social support,Health,Freedom,Trust,Generosity,Dystopia Residual,Year,Emoji,Population,Region,Latitude,Longitude
Rwanda,154,3.465,0.22208,0.7737,0.42864,0.59201,0.55191,0.22628,0.67042,2015,ðŸ˜¡,11642959.0,Africa,-1.940278,29.873888
Guinea,150,3.656,0.17417,0.46475,0.24009,0.37725,0.12139,0.28657,1.99172,2015,ðŸ˜¡,11625998.0,Africa,9.945587,-9.696645
Tunisia,107,4.739,0.88113,0.60429,0.73793,0.26268,0.06358,0.06431,2.12466,2015,ðŸ˜‘,11557779.0,Africa,33.886917,9.537499
Algeria,68,5.605,0.93929,1.07772,0.61766,0.28579,0.17383,0.07822,2.43209,2015,ðŸ˜‘,39543154.0,Africa,28.033886,1.659626
Lesotho,97,4.898,0.37545,1.04103,0.07612,0.31767,0.12504,0.16388,2.79832,2015,ðŸ˜‘,2118521.0,Africa,-29.609988,28.233608
Botswana,128,4.332,0.99355,1.10464,0.04776,0.49495,0.12474,0.10461,1.46181,2015,ðŸ˜¡,2305171.0,Africa,-22.328474,24.684866
Congo (Brazzaville),139,3.989,0.67866,0.6629,0.31051,0.41466,0.11686,0.12388,1.68135,2015,ðŸ˜¡,5064386.0,Africa,-4.038333,21.758664
Guinea,150,3.656,0.17417,0.46475,0.24009,0.37725,0.12139,0.28657,1.99172,2015,ðŸ˜¡,11625998.0,Africa,9.945587,-9.696645
Congo (Brazzaville),139,3.989,0.67866,0.6629,0.31051,0.41466,0.11686,0.12388,1.68135,2015,ðŸ˜¡,5064386.0,Africa,-4.038333,21.758664
Ethiopia,122,4.512,0.19073,0.60406,0.44055,0.4345,0.15048,0.24325,2.44876,2015,ðŸ˜‘,102471895.0,Africa,9.145,40.489673
Tajikistan,106,4.786,0.39047,0.85563,0.57379,0.47216,0.15072,0.22974,2.11399,2015,ðŸ˜‘,8524063.0,Asia,38.861034,71.276093
Uzbekistan,44,6.003,0.63244,1.34043,0.59772,0.65821,0.30826,0.22837,2.23741,2015,ðŸ¤©,31298900.0,Asia,41.377491,64.585262
Iran,110,4.686,1.0088,0.54447,0.69805,0.30033,0.05863,0.38086,1.6944,2015,ðŸ˜‘,81790841.0,Asia,32.427908,53.688046
Malaysia,61,5.77,1.12486,1.07023,0.72394,0.53024,0.10501,0.33075,1.88541,2015,ðŸ˜‘,31068833.0,Asia,4.210484,101.975766
Iraq,112,4.677,0.98549,0.81889,0.60237,0.0,0.13788,0.17922,1.95335,2015,ðŸ˜‘,37757813.0,Asia,33.223191,43.679291
China,84,5.14,0.89012,0.94675,0.81658,0.51697,0.02781,0.08185,1.8604,2015,ðŸ˜‘,1379860000.0,Asia,35.86166,104.195397
India,117,4.565,0.64499,0.38174,0.51529,0.39786,0.08492,0.26475,2.27513,2015,ðŸ˜‘,1322866505.0,Asia,20.593684,78.96288
Oman,22,6.853,1.36011,1.08182,0.76276,0.63274,0.32524,0.21542,2.47489,2015,ðŸ¤©,4191776.0,Asia,21.512583,55.923255
South Korea,47,5.984,1.24461,0.95774,0.96538,0.33208,0.07857,0.18557,2.21978,2015,ðŸ˜‘,25258015.0,Asia,35.907757,127.766922
Bhutan,79,5.253,0.77042,1.10395,0.57407,0.53206,0.15445,0.47998,1.63794,2015,ðŸ˜‘,743274.0,Asia,27.514162,90.433601
Montenegro,82,5.192,0.97438,0.90557,0.72521,0.1826,0.14296,0.1614,2.10017,2015,ðŸ˜‘,622159.0,Europe,42.708678,19.37439
Belgium,19,6.937,1.30782,1.28566,0.89667,0.5845,0.2254,0.2225,2.41484,2015,ðŸ¤©,11274196.0,Europe,50.503887,4.469936
Denmark,3,7.527,1.32548,1.36058,0.87464,0.64938,0.48357,0.34139,2.49204,2015,ðŸ¤©,5683483.0,Europe,56.26392,9.501785
Sweden,8,7.364,1.33171,1.28907,0.91087,0.6598,0.43844,0.36262,2.37119,2015,ðŸ¤©,9799186.0,Europe,60.128161,18.643501
Slovenia,55,5.848,1.18498,1.27385,0.87337,0.60855,0.03787,0.25328,1.61583,2015,ðŸ˜‘,2063531.0,Europe,46.151241,14.995463
Luxembourg,17,6.946,1.56391,1.21963,0.91894,0.61583,0.37798,0.28034,1.96961,2015,ðŸ¤©,569604.0,Europe,49.815273,6.129583
Russia,64,5.716,1.13764,1.23617,0.66926,0.36679,0.03005,0.00199,2.27394,2015,ðŸ˜‘,144096870.0,Europe,55.751244,37.618423
Poland,60,5.791,1.12555,1.27948,0.77903,0.53122,0.04212,0.16759,1.86565,2015,ðŸ˜‘,37986412.0,Europe,51.919438,19.145136
Switzerland,1,7.587,1.39651,1.34951,0.94143,0.66557,0.41978,0.29678,2.51738,2015,ðŸ¤©,8282396.0,Europe,46.818188,8.227512
Germany,26,6.75,1.32792,1.29937,0.89186,0.61477,0.21843,0.28214,2.11569,2015,ðŸ¤©,81686611.0,Europe,51.165691,10.451526
Mexico,14,7.187,1.02054,0.91451,0.81444,0.48181,0.21312,0.14074,3.60214,2015,ðŸ¤©,120149897.0,North America,23.634501,-102.552784
Mexico,14,7.187,1.02054,0.91451,0.81444,0.48181,0.21312,0.14074,3.60214,2015,ðŸ¤©,120149897.0,North America,23.634501,-102.552784
Panama,25,6.786,1.06353,1.1985,0.79661,0.5421,0.0927,0.24434,2.84848,2015,ðŸ¤©,3957099.0,North America,8.537981,-80.782127
Panama,25,6.786,1.06353,1.1985,0.79661,0.5421,0.0927,0.24434,2.84848,2015,ðŸ¤©,3957099.0,North America,8.537981,-80.782127
Mexico,14,7.187,1.02054,0.91451,0.81444,0.48181,0.21312,0.14074,3.60214,2015,ðŸ¤©,120149897.0,North America,23.634501,-102.552784
Jamaica,65,5.709,0.81038,1.15102,0.68741,0.50442,0.02299,0.2123,2.32038,2015,ðŸ˜‘,2794445.0,North America,18.109581,-77.297508
El Salvador,42,6.13,0.76454,1.02507,0.67737,0.4035,0.11776,0.10692,3.035,2015,ðŸ¤©,6231066.0,North America,13.794185,-88.89653
Panama,25,6.786,1.06353,1.1985,0.79661,0.5421,0.0927,0.24434,2.84848,2015,ðŸ¤©,3957099.0,North America,8.537981,-80.782127
Nicaragua,57,5.828,0.59325,1.14184,0.74314,0.55475,0.19317,0.27815,2.32407,2015,ðŸ˜‘,6298598.0,North America,12.865416,-85.207229
United States,15,7.119,1.39451,1.24711,0.86179,0.54604,0.1589,0.40105,2.51011,2015,ðŸ¤©,320738994.0,North America,37.09024,-95.712891
New Zealand,9,7.286,1.25018,1.31967,0.90837,0.63938,0.42922,0.47501,2.26425,2015,ðŸ¤©,4609400.0,Oceania,-40.900557,174.885971
Australia,10,7.284,1.33358,1.30923,0.93156,0.65124,0.35637,0.43562,2.26646,2015,ðŸ¤©,23815995.0,Oceania,-25.274398,133.775136
Colombia,33,6.477,0.91861,1.24018,0.69077,0.53466,0.0512,0.18401,2.85737,2015,ðŸ¤©,47119728.0,South America,4.570868,-74.297333
Chile,27,6.67,1.10715,1.12447,0.85857,0.44132,0.12869,0.33363,2.67585,2015,ðŸ¤©,17870124.0,South America,-35.675147,-71.542969
Venezuela,23,6.81,1.04424,1.25596,0.72052,0.42908,0.11069,0.05841,3.19131,2015,ðŸ¤©,30529716.0,South America,6.42375,-66.58973
Argentina,30,6.574,1.05351,1.24823,0.78723,0.44974,0.08484,0.11451,2.836,2015,ðŸ¤©,43131966.0,South America,-38.416097,-63.616672
Bolivia,51,5.89,0.68133,0.97841,0.5392,0.57414,0.088,0.20536,2.82334,2015,ðŸ˜‘,11090085.0,South America,-16.290154,-63.588653
Colombia,33,6.477,0.91861,1.24018,0.69077,0.53466,0.0512,0.18401,2.85737,2015,ðŸ¤©,47119728.0,South America,4.570868,-74.297333
Brazil,16,6.983,0.98124,1.23287,0.69702,0.49049,0.17521,0.14574,3.26001,2015,ðŸ¤©,205188205.0,South America,-14.235004,-51.92528
Ecuador,48,5.975,0.86402,0.99903,0.79075,0.48574,0.1809,0.11541,2.53942,2015,ðŸ˜‘,16195902.0,South America,-1.831239,-78.183406
Chile,27,6.67,1.10715,1.12447,0.85857,0.44132,0.12869,0.33363,2.67585,2015,ðŸ¤©,17870124.0,South America,-35.675147,-71.542969
Peru,58,5.824,0.90019,0.97459,0.73017,0.41496,0.05989,0.14982,2.5945,2015,ðŸ˜‘,30711863.0,South America,-9.189967,-75.015152
Guinea,151,3.607,0.22415,0.3109,0.18829,0.30953,0.1192,0.29914,2.15604,2016,ðŸ˜¡,11930985.0,Africa,9.945587,-9.696645
Ivory Coast,139,3.916,0.55507,0.57576,0.04476,0.40663,0.1553,0.20338,1.97478,2016,ðŸ˜¡,24213622.0,Africa,7.539989,-5.54708
Somaliland Region,97,5.057,0.25558,0.75862,0.33108,0.3913,0.36794,0.51479,2.43801,2016,ðŸ˜‘,18700106.0,Africa,17.570692,-3.996166
South Africa,116,4.459,1.02416,0.96053,0.18611,0.42483,0.08415,0.13656,1.64227,2016,ðŸ˜¡,56422274.0,Africa,-30.559482,22.937506
Congo (Kinshasa),125,4.272,0.05661,0.80676,0.188,0.15602,0.06075,0.25458,2.74924,2016,ðŸ˜¡,5186824.0,Africa,-4.038333,21.758664
Egypt,120,4.362,0.95395,0.49813,0.52116,0.18847,0.10393,0.12706,1.96895,2016,ðŸ˜¡,99784030.0,Africa,26.820553,30.802498
Nigeria,103,4.875,0.75216,0.64498,0.05108,0.27854,0.0305,0.23219,2.88586,2016,ðŸ˜‘,188666931.0,Africa,9.081999,8.675277
Botswana,137,3.974,1.09426,0.89186,0.34752,0.44089,0.10769,0.12425,0.96741,2016,ðŸ˜¡,2352416.0,Africa,-22.328474,24.684866
Mali,135,4.073,0.31292,0.86333,0.16347,0.27544,0.13647,0.21064,2.11087,2016,ðŸ˜¡,18700106.0,Africa,17.570692,-3.996166
Malawi,132,4.156,0.08709,0.147,0.29364,0.4143,0.07564,0.30968,2.82859,2016,ðŸ˜¡,17405624.0,Africa,-13.254308,34.301525
India,118,4.404,0.74036,0.29247,0.45091,0.40285,0.08722,0.25028,2.18032,2016,ðŸ˜¡,1338636340.0,Asia,20.593684,78.96288
Nepal,107,4.793,0.44626,0.69699,0.50073,0.37012,0.07008,0.3816,2.32694,2016,ðŸ˜‘,27861186.0,Asia,28.394857,84.124008
Singapore,22,6.739,1.64555,0.86758,0.94719,0.4877,0.46987,0.32706,1.99375,2016,ðŸ¤©,5607283.0,Asia,1.352083,103.819836
Turkmenistan,65,5.658,1.08017,1.03817,0.44006,0.37408,0.28467,0.22567,2.21489,2016,ðŸ˜‘,5868561.0,Asia,38.969719,59.556278
Tajikistan,100,4.996,0.48835,0.75602,0.53119,0.43408,0.13509,0.25998,2.39106,2016,ðŸ˜‘,8725318.0,Asia,38.861034,71.276093
Thailand,33,6.474,1.0893,1.04477,0.64915,0.49553,0.02833,0.58696,2.5796,2016,ðŸ¤©,70607037.0,Asia,15.870032,100.992541
Turkey,78,5.389,1.16492,0.87717,0.64718,0.23889,0.12348,0.04707,2.29074,2016,ðŸ˜‘,79277962.0,Asia,38.963745,35.243322
Tajikistan,100,4.996,0.48835,0.75602,0.53119,0.43408,0.13509,0.25998,2.39106,2016,ðŸ˜‘,8725318.0,Asia,38.861034,71.276093
India,118,4.404,0.74036,0.29247,0.45091,0.40285,0.08722,0.25028,2.18032,2016,ðŸ˜¡,1338636340.0,Asia,20.593684,78.96288
Azerbaijan,81,5.291,1.12373,0.76042,0.54504,0.35327,0.17914,0.0564,2.2735,2016,ðŸ˜‘,9757812.0,Asia,40.143105,47.576927
Lithuania,60,5.813,1.2692,1.06411,0.64674,0.18929,0.0182,0.02025,2.60525,2016,ðŸ˜‘,2868231.0,Europe,55.169438,23.881275
Estonia,72,5.517,1.27964,1.05163,0.68098,0.41511,0.18519,0.08423,1.81985,2016,ðŸ˜‘,1315790.0,Europe,58.595272,25.013607
Hungary,91,5.145,1.24142,0.93164,0.67608,0.1977,0.04472,0.099,1.95473,2016,ðŸ˜‘,9814023.0,Europe,47.162494,19.503304
Slovenia,63,5.768,1.29947,1.05613,0.79151,0.53164,0.03635,0.25738,1.79522,2016,ðŸ˜‘,2065042.0,Europe,46.151241,14.995463
Luxembourg,20,6.871,1.69752,1.03999,0.84542,0.5487,0.35329,0.27571,2.11055,2016,ðŸ¤©,582014.0,Europe,49.815273,6.129583
Denmark,1,7.526,1.44178,1.16374,0.79504,0.57941,0.44453,0.36171,2.73939,2016,ðŸ¤©,5728010.0,Europe,56.26392,9.501785
France,32,6.478,1.39488,1.00508,0.83795,0.46562,0.17808,0.1216,2.4744,2016,ðŸ¤©,66724104.0,Europe,46.227638,2.213749
Ireland,19,6.907,1.48341,1.16157,0.81455,0.54008,0.29754,0.44963,2.15988,2016,ðŸ¤©,4755335.0,Europe,53.41291,-8.24389
Ukraine,123,4.324,0.87287,1.01413,0.58628,0.12859,0.01829,0.20363,1.50066,2016,ðŸ˜¡,45004673.0,Europe,48.379433,31.16558
Switzerland,2,7.509,1.52733,1.14524,0.86303,0.58557,0.41203,0.28083,2.69463,2016,ðŸ¤©,8373338.0,Europe,46.818188,8.227512
Puerto Rico,15,7.039,1.35943,1.08113,0.77758,0.46823,0.12275,0.22202,3.0076,2016,ðŸ¤©,3406672.0,North America,18.220833,-66.590149
Mexico,21,6.778,1.11508,0.7146,0.71143,0.37709,0.18355,0.11735,3.55906,2016,ðŸ¤©,121519221.0,North America,23.634501,-102.552784
United States,13,7.104,1.50796,1.04782,0.779,0.48163,0.14868,0.41077,2.72782,2016,ðŸ¤©,323071755.0,North America,37.09024,-95.712891
Dominican Republic,89,5.155,1.02787,0.99496,0.57669,0.52259,0.12372,0.21286,1.69626,2016,ðŸ˜‘,10527592.0,North America,18.735693,-70.162651
Mexico,21,6.778,1.11508,0.7146,0.71143,0.37709,0.18355,0.11735,3.55906,2016,ðŸ¤©,121519221.0,North America,23.634501,-102.552784
Canada,6,7.404,1.44015,1.0961,0.8276,0.5737,0.31329,0.44834,2.70485,2016,ðŸ¤©,36109487.0,North America,56.130366,-106.346771
Haiti,136,4.028,0.34097,0.29561,0.27494,0.12072,0.14476,0.47958,2.37116,2016,ðŸ˜¡,10713849.0,North America,18.971187,-72.285215
El Salvador,46,6.068,0.8737,0.80975,0.596,0.37269,0.10613,0.08877,3.22134,2016,ðŸ¤©,6250510.0,North America,13.794185,-88.89653
Mexico,21,6.778,1.11508,0.7146,0.71143,0.37709,0.18355,0.11735,3.55906,2016,ðŸ¤©,121519221.0,North America,23.634501,-102.552784
Dominican Republic,89,5.155,1.02787,0.99496,0.57669,0.52259,0.12372,0.21286,1.69626,2016,ðŸ˜‘,10527592.0,North America,18.735693,-70.162651
New Zealand,8,7.334,1.36066,1.17278,0.83096,0.58147,0.41904,0.49401,2.47553,2016,ðŸ¤©,4714100.0,Oceania,-40.900557,174.885971
Australia,9,7.313,1.44443,1.10476,0.8512,0.56837,0.32331,0.47407,2.5465,2016,ðŸ¤©,24190907.0,Oceania,-25.274398,133.775136
Suriname,40,6.269,1.09686,0.77866,0.50933,0.52234,0.12692,0.16665,3.06852,2016,ðŸ¤©,581453.0,South America,3.919305,-56.027783
Venezuela,44,6.084,1.13367,1.03302,0.61904,0.19847,0.08304,0.0425,2.97468,2016,ðŸ¤©,30741464.0,South America,6.42375,-66.58973
Uruguay,29,6.545,1.18157,1.03143,0.72183,0.54388,0.21394,0.18056,2.67139,2016,ðŸ¤©,3413766.0,South America,-32.522779,-55.765835
Venezuela,44,6.084,1.13367,1.03302,0.61904,0.19847,0.08304,0.0425,2.97468,2016,ðŸ¤©,30741464.0,South America,6.42375,-66.58973
Bolivia,59,5.822,0.79422,0.83779,0.4697,0.50961,0.07746,0.21698,2.91635,2016,ðŸ˜‘,11263015.0,South America,-16.290154,-63.588653
Chile,24,6.705,1.2167,0.90587,0.81883,0.37789,0.11451,0.31595,2.95505,2016,ðŸ¤©,18083879.0,South America,-35.675147,-71.542969
Chile,24,6.705,1.2167,0.90587,0.81883,0.37789,0.11451,0.31595,2.95505,2016,ðŸ¤©,18083879.0,South America,-35.675147,-71.542969
Argentina,26,6.65,1.15137,1.06612,0.69711,0.42284,0.07296,0.10989,3.12985,2016,ðŸ¤©,43590368.0,South America,-38.416097,-63.616672
Brazil,17,6.952,1.08754,1.03938,0.61415,0.40425,0.14166,0.15776,3.50733,2016,ðŸ¤©,206859578.0,South America,-14.235004,-51.92528
Venezuela,44,6.084,1.13367,1.03302,0.61904,0.19847,0.08304,0.0425,2.97468,2016,ðŸ¤©,30741464.0,South America,6.42375,-66.58973
Malawi,136,3.97000002861023,0.233442038297653,0.512568831443787,0.315089583396912,0.466914653778076,0.0727116540074348,0.287170469760895,2.08178615570068,2017,ðŸ˜¡,17881167.0,Africa,-13.254308,34.301525
Benin,143,3.65700006484985,0.431085407733917,0.435299843549728,0.209930211305618,0.425962775945663,0.0609290152788162,0.207948461174965,1.88563096523285,2017,ðŸ˜¡,11596779.0,Africa,9.30769,2.315834
Togo,150,3.49499988555908,0.305444717407227,0.431882530450821,0.247105568647385,0.38042613863945,0.0956650152802467,0.196896150708199,1.83722925186157,2017,ðŸ˜¡,7852795.0,Africa,8.619543,0.824782
Burkina Faso,134,4.03200006484985,0.3502277135849,1.04328000545502,0.215844258666039,0.324367851018906,0.120328105986118,0.250864684581757,1.72721290588379,2017,ðŸ˜¡,19835858.0,Africa,12.238333,-1.561593
Nigeria,95,5.07399988174438,0.783756256103516,1.21577048301697,0.0569157302379608,0.394952565431595,0.0261215660721064,0.230947196483612,2.36539053916931,2017,ðŸ˜‘,193495907.0,Africa,9.081999,8.675277
Ivory Coast,128,4.17999982833862,0.603048920631409,0.904780030250549,0.0486421696841717,0.447706192731857,0.130061775445938,0.201237469911575,1.84496426582336,2017,ðŸ˜¡,24848016.0,Africa,7.539989,-5.54708
Madagascar,144,3.64400005340576,0.305808693170547,0.913020372390747,0.375223308801651,0.189196765422821,0.0672319754958153,0.208732530474663,1.58461260795593,2017,ðŸ˜¡,26169542.0,Africa,-18.766947,46.869107
Sudan,130,4.13899993896484,0.65951669216156,1.21400856971741,0.290920823812485,0.0149958552792668,0.089847519993782,0.182317450642586,1.68706583976746,2017,ðŸ˜¡,40679828.0,Africa,12.862807,30.217636
Morocco,84,5.2350001335144,0.878114581108093,0.774864435195923,0.59771066904068,0.408158332109451,0.0877631828188896,0.0322099551558495,2.45618939399719,2017,ðŸ˜‘,35528115.0,Africa,31.791702,-7.09262
Congo (Brazzaville),124,4.29099988937378,0.808964252471924,0.832044363021851,0.28995743393898,0.435025870800018,0.0796181336045265,0.120852127671242,1.72413563728333,2017,ðŸ˜¡,5312340.0,Africa,-4.038333,21.758664
Vietnam,94,5.07399988174438,0.788547575473785,1.27749133110046,0.652168989181519,0.571055591106415,0.0876332372426987,0.234968051314354,1.46231865882874,2017,ðŸ˜‘,94033048.0,Asia,14.058324,108.277199
Bahrain,41,6.08699989318848,1.48841226100922,1.32311046123505,0.653133034706116,0.536746919155121,0.257042169570923,0.172668486833572,1.65614938735962,2017,ðŸ¤©,1456834.0,Asia,25.930414,50.637772
United Arab Emirates,21,6.64799976348877,1.62634336948395,1.26641023159027,0.726798236370087,0.60834527015686,0.324489563703537,0.3609419465065,1.734703540802,2017,ðŸ¤©,9068296.0,Asia,23.424076,53.847818
Turkmenistan,59,5.82200002670288,1.13077676296234,1.49314916133881,0.437726080417633,0.41827192902565,0.259270340204239,0.24992498755455,1.83290982246399,2017,ðŸ˜‘,5968383.0,Asia,38.969719,59.556278
Israel,11,7.21299982070923,1.37538242340088,1.37628996372223,0.83840399980545,0.405988603830338,0.0852421000599861,0.330082654953003,2.80175733566284,2017,ðŸ¤©,8713300.0,Asia,31.046051,34.851612
Romania,57,5.82499980926514,1.21768391132355,1.15009129047394,0.685158312320709,0.457003742456436,0.00438790069893,0.133519917726517,2.17683148384094,2017,ðŸ˜‘,19588715.0,Asia,45.943161,24.96676
Mongolia,100,4.95499992370605,1.02723586559296,1.4930112361908,0.557783484458923,0.394143968820572,0.0329022891819477,0.338464230298996,1.11129236221313,2017,ðŸ˜‘,3096030.0,Asia,46.862496,103.846656
Pakistan,80,5.26900005340576,0.72688353061676,0.672690689563751,0.402047783136368,0.23521526157856,0.124348066747189,0.315446019172668,2.79248929023743,2017,ðŸ˜‘,216379655.0,Asia,30.375321,69.345116
South Korea,55,5.83799982070923,1.40167844295502,1.12827444076538,0.900214076042175,0.257921665906906,0.0632826685905457,0.206674367189407,1.88037800788879,2017,ðŸ˜‘,25516321.0,Asia,35.907757,127.766922
Syria,152,3.46199989318848,0.777153134346008,0.396102607250214,0.50053334236145,0.0815394446253777,0.151347130537033,0.493663728237152,1.06157350540161,2017,ðŸ˜¡,18983373.0,Asia,34.802075,38.996815
Estonia,66,5.61100006103516,1.32087934017181,1.47667109966278,0.695168316364288,0.479131430387497,0.183248922228813,0.0988908112049103,1.35750865936279,2017,ðŸ˜‘,1317384.0,Europe,58.595272,25.013607
Ukraine,132,4.09600019454956,0.89465194940567,1.39453756809235,0.575903952121735,0.122974775731564,0.0230294708162546,0.270061463117599,0.814382314682007,2017,ðŸ˜¡,44831135.0,Europe,48.379433,31.16558
Poland,46,5.97300004959106,1.29178786277771,1.44571197032928,0.699475347995758,0.520342111587524,0.0593078061938286,0.158465966582298,1.79772281646729,2017,ðŸ˜‘,37974826.0,Europe,51.919438,19.145136
Belgium,17,6.89099979400635,1.46378076076508,1.46231269836426,0.818091869354248,0.539770722389221,0.251343131065369,0.231503337621689,2.12421035766602,2017,ðŸ¤©,11375158.0,Europe,50.503887,4.469936
Estonia,66,5.61100006103516,1.32087934017181,1.47667109966278,0.695168316364288,0.479131430387497,0.183248922228813,0.0988908112049103,1.35750865936279,2017,ðŸ˜‘,1317384.0,Europe,58.595272,25.013607
Russia,49,5.96299982070923,1.28177809715271,1.46928238868713,0.547349333763123,0.373783111572266,0.0329628810286522,0.0522638224065304,2.20560741424561,2017,ðŸ˜‘,144496739.0,Europe,55.751244,37.618423
Cyprus,65,5.62099981307983,1.35593807697296,1.13136327266693,0.84471470117569,0.355111539363861,0.0412379764020443,0.271254301071167,1.62124919891357,2017,ðŸ˜‘,1208523.0,Europe,35.126413,33.429859
Netherlands,6,7.3769998550415,1.50394463539124,1.42893922328949,0.810696125030518,0.585384488105774,0.282661825418472,0.470489829778671,2.29480409622192,2017,ðŸ¤©,17131296.0,Europe,52.132633,5.291266
Macedonia,92,5.17500019073486,1.06457793712616,1.20789301395416,0.644948184490204,0.325905978679657,0.0602777935564518,0.25376096367836,1.6174693107605,2017,ðŸ˜‘,2074502.0,Europe,41.608635,21.745275
Czech Republic,23,6.60900020599365,1.35268235206604,1.43388521671295,0.754444003105164,0.490946173667908,0.0368729270994663,0.0881067588925362,2.45186185836792,2017,ðŸ¤©,4996741.0,Europe,49.817492,15.472962
Belize,50,5.95599985122681,0.907975316047668,1.08141779899597,0.450191766023636,0.547509372234344,0.0965810716152191,0.240015640854836,2.63195562362671,2017,ðŸ˜‘,374693.0,North America,17.189877,-88.49765
United States,14,6.99300003051758,1.54625928401947,1.41992056369781,0.77428662776947,0.505740523338318,0.135638788342476,0.392578780651093,2.2181134223938,2017,ðŸ¤©,325122128.0,North America,37.09024,-95.712891
Haiti,145,3.6029999256134,0.368610262870789,0.640449821949005,0.277321130037308,0.0303698573261499,0.0998721495270729,0.489203780889511,1.69716763496399,2017,ðŸ˜¡,10863543.0,North America,18.971187,-72.285215
Panama,30,6.4520001411438,1.23374843597412,1.37319254875183,0.706156134605408,0.550026834011078,0.070983923971653,0.21055693924427,2.30719995498657,2017,ðŸ¤©,4096063.0,North America,8.537981,-80.782127
Haiti,145,3.6029999256134,0.368610262870789,0.640449821949005,0.277321130037308,0.0303698573261499,0.0998721495270729,0.489203780889511,1.69716763496399,2017,ðŸ˜¡,10863543.0,North America,18.971187,-72.285215
Guatemala,29,6.4539999961853,0.872001945972443,1.25558519363403,0.540239989757538,0.531310617923737,0.0772232785820961,0.283488392829895,2.89389109611511,2017,ðŸ¤©,16087418.0,North America,15.783471,-90.230759
Honduras,91,5.18100023269653,0.730573117733002,1.14394497871399,0.582569479942322,0.348079860210419,0.0733454525470734,0.236188873648643,2.06581115722656,2017,ðŸ˜‘,9626842.0,North America,15.199999,-86.241905
Mexico,25,6.57800006866455,1.15318381786346,1.210862159729,0.709978997707367,0.412730008363724,0.132774114608765,0.120990432798862,2.83715486526489,2017,ðŸ¤©,122839258.0,North America,23.634501,-102.552784
United States,14,6.99300003051758,1.54625928401947,1.41992056369781,0.77428662776947,0.505740523338318,0.135638788342476,0.392578780651093,2.2181134223938,2017,ðŸ¤©,325122128.0,North America,37.09024,-95.712891
Guatemala,29,6.4539999961853,0.872001945972443,1.25558519363403,0.540239989757538,0.531310617923737,0.0772232785820961,0.283488392829895,2.89389109611511,2017,ðŸ¤©,16087418.0,North America,15.783471,-90.230759
New Zealand,8,7.31400012969971,1.40570604801178,1.54819512367249,0.816759705543518,0.614062130451202,0.382816702127457,0.500005125999451,2.0464563369751,2017,ðŸ¤©,4813600.0,Oceania,-40.900557,174.885971
Australia,10,7.28399991989136,1.484414935112,1.51004195213318,0.84388679265976,0.601607382297516,0.301183730363846,0.477699249982834,2.06521081924438,2017,ðŸ¤©,24592588.0,Oceania,-25.274398,133.775136
Chile,20,6.65199995040894,1.25278460979462,1.28402495384216,0.819479703903198,0.376895278692245,0.0822879821062088,0.326662421226501,2.50958585739136,2017,ðŸ¤©,18368577.0,South America,-35.675147,-71.542969
Brazil,22,6.63500022888184,1.10735321044922,1.43130600452423,0.616552352905273,0.437453746795654,0.111092761158943,0.16234989464283,2.76926708221436,2017,ðŸ¤©,208504960.0,South America,-14.235004,-51.92528
Argentina,24,6.59899997711182,1.18529546260834,1.44045114517212,0.695137083530426,0.494519203901291,0.059739887714386,0.109457060694695,2.61400532722473,2017,ðŸ¤©,44044811.0,South America,-38.416097,-63.616672
Uruguay,28,6.4539999961853,1.21755969524384,1.41222786903381,0.719216823577881,0.57939225435257,0.178061872720718,0.175096929073334,2.17240953445435,2017,ðŸ¤©,3422200.0,South America,-32.522779,-55.765835
Colombia,36,6.35699987411499,1.07062232494354,1.4021829366684,0.595027923583984,0.477487415075302,0.0466687418520451,0.149014472961426,2.61606812477112,2017,ðŸ¤©,48351671.0,South America,4.570868,-74.297333
Ecuador,44,6.00799989700317,1.00082039833069,1.28616881370544,0.685636222362518,0.4551981985569,0.140134647488594,0.150112465023994,2.29035258293152,2017,ðŸ¤©,16696944.0,South America,-1.831239,-78.183406
Bolivia,58,5.82299995422363,0.833756566047668,1.22761905193329,0.473630249500275,0.558732926845551,0.0604777261614799,0.22556072473526,2.44327902793884,2017,ðŸ˜‘,11435533.0,South America,-16.290154,-63.588653
Peru,63,5.71500015258789,1.03522527217865,1.21877038478851,0.630166113376617,0.450002878904343,0.0470490865409374,0.126819714903831,2.20726943016052,2017,ðŸ˜‘,31605486.0,South America,-9.189967,-75.015152
Paraguay,70,5.49300003051758,0.932537317276001,1.50728487968445,0.579250693321228,0.473507791757584,0.091065913438797,0.224150657653809,1.6853334903717,2017,ðŸ˜‘,6355404.0,South America,-23.442503,-58.443832
Venezuela,82,5.25,1.12843120098114,1.43133759498596,0.617144227027893,0.153997123241425,0.0644911229610443,0.0650196298956871,1.78946375846863,2017,ðŸ˜‘,30563433.0,South America,6.42375,-66.58973
Libya,70,5.566,0.985,1.35,0.553,0.496,0.148,0.116,1.99370260238648,2018,ðŸ˜‘,6477793.0,Africa,26.3351,17.228331
Mozambique,123,4.417,0.198,0.902,0.173,0.531,0.158,0.206,1.99370260238648,2018,ðŸ˜¡,29423878.0,Africa,-18.665695,35.529562
Central African Republic,155,3.083,0.024,0.0,0.01,0.305,0.038,0.218,1.99370260238648,2018,ðŸ˜¡,5094780.0,Africa,6.611111,20.939444
Morocco,85,5.254,0.779,0.797,0.669,0.46,0.074,0.026,1.99370260238648,2018,ðŸ˜‘,35927511.0,Africa,31.791702,-7.09262
Nigeria,91,5.155,0.689,1.172,0.048,0.462,0.032,0.201,1.99370260238648,2018,ðŸ˜‘,198387623.0,Africa,9.081999,8.675277
Ivory Coast,107,4.671,0.541,0.872,0.08,0.467,0.103,0.146,1.99370260238648,2018,ðŸ˜‘,25493988.0,Africa,7.539989,-5.54708
Mali,118,4.447,0.37,1.233,0.152,0.367,0.056,0.139,1.99370260238648,2018,ðŸ˜¡,19934298.0,Africa,17.570692,-3.996166
Lesotho,141,3.808,0.472,1.215,0.079,0.423,0.112,0.116,1.99370260238648,2018,ðŸ˜¡,2198017.0,Africa,-29.609988,28.233608
Nigeria,91,5.155,0.689,1.172,0.048,0.462,0.032,0.201,1.99370260238648,2018,ðŸ˜‘,198387623.0,Africa,9.081999,8.675277
Lesotho,141,3.808,0.472,1.215,0.079,0.423,0.112,0.116,1.99370260238648,2018,ðŸ˜¡,2198017.0,Africa,-29.609988,28.233608
Mongolia,94,5.125,0.914,1.517,0.575,0.395,0.032,0.253,1.99370260238648,2018,ðŸ˜‘,3163991.0,Asia,46.862496,103.846656
Kuwait,45,6.083,1.474,1.301,0.675,0.554,0.106,0.167,1.99370260238648,2018,ðŸ¤©,4317185.0,Asia,29.31166,47.481766
Bhutan,97,5.082,0.796,1.335,0.527,0.541,0.171,0.364,1.99370260238648,2018,ðŸ˜‘,762096.0,Asia,27.514162,90.433601
Bhutan,97,5.082,0.796,1.335,0.527,0.541,0.171,0.364,1.99370260238648,2018,ðŸ˜‘,762096.0,Asia,27.514162,90.433601
United Arab Emirates,20,6.774,2.096,0.776,0.67,0.284,0.134305440831392,0.186,1.99370260238648,2018,ðŸ¤©,9140169.0,Asia,23.424076,53.847818
Lebanon,80,5.358,0.965,1.179,0.785,0.503,0.136,0.214,1.99370260238648,2018,ðŸ˜‘,5950839.0,Asia,33.854721,35.862285
India,133,4.19,0.721,0.747,0.485,0.539,0.093,0.172,1.99370260238648,2018,ðŸ˜¡,1369003306.0,Asia,20.593684,78.96288
Yemen,152,3.355,0.442,1.073,0.343,0.244,0.064,0.083,1.99370260238648,2018,ðŸ˜¡,30790513.0,Asia,15.552727,48.516388
Romania,52,5.945,1.116,1.219,0.726,0.528,0.001,0.088,1.99370260238648,2018,ðŸ˜‘,19473970.0,Asia,45.943161,24.96676
Indonesia,96,5.093,0.899,1.215,0.522,0.538,0.018,0.484,1.99370260238648,2018,ðŸ˜‘,267066843.0,Asia,-0.789275,113.921327
Albania,112,4.586,0.916,0.817,0.79,0.419,0.032,0.149,1.99370260238648,2018,ðŸ˜‘,2866376.0,Europe,41.153332,20.168331
Spain,36,6.31,1.251,1.538,0.965,0.449,0.074,0.142,1.99370260238648,2018,ðŸ¤©,46797754.0,Europe,40.463667,-3.74922
Iceland,4,7.495,1.343,1.644,0.914,0.677,0.138,0.353,1.99370260238648,2018,ðŸ¤©,352721.0,Europe,64.963051,-19.020835
France,23,6.489,1.293,1.466,0.908,0.52,0.176,0.098,1.99370260238648,2018,ðŸ¤©,67158348.0,Europe,46.227638,2.213749
Ukraine,138,4.103,0.793,1.413,0.609,0.163,0.011,0.187,1.99370260238648,2018,ðŸ˜¡,44622518.0,Europe,48.379433,31.16558
Croatia,82,5.321,1.115,1.161,0.737,0.38,0.039,0.12,1.99370260238648,2018,ðŸ˜‘,4087843.0,Europe,45.1,15.2
Bulgaria,100,4.933,1.054,1.515,0.712,0.359,0.009,0.064,1.99370260238648,2018,ðŸ˜‘,7025037.0,Europe,42.733883,25.48583
Poland,42,6.123,1.176,1.448,0.781,0.546,0.064,0.108,1.99370260238648,2018,ðŸ¤©,37974750.0,Europe,51.919438,19.145136
Russia,59,5.81,1.151,1.479,0.599,0.399,0.025,0.065,1.99370260238648,2018,ðŸ˜‘,144477859.0,Europe,55.751244,37.618423
Albania,112,4.586,0.916,0.817,0.79,0.419,0.032,0.149,1.99370260238648,2018,ðŸ˜‘,2866376.0,Europe,41.153332,20.168331
Panama,27,6.43,1.112,1.438,0.759,0.597,0.063,0.125,1.99370260238648,2018,ðŸ¤©,4165255.0,North America,8.537981,-80.782127
Nicaragua,41,6.141,0.668,1.319,0.7,0.527,0.128,0.208,1.99370260238648,2018,ðŸ¤©,6572233.0,North America,12.865416,-85.207229
Canada,7,7.328,1.33,1.532,0.896,0.653,0.291,0.321,1.99370260238648,2018,ðŸ¤©,37065084.0,North America,56.130366,-106.346771
Guatemala,30,6.382,0.781,1.268,0.608,0.604,0.071,0.179,1.99370260238648,2018,ðŸ¤©,16346950.0,North America,15.783471,-90.230759
Belize,49,5.956,0.807,1.101,0.474,0.593,0.089,0.183,1.99370260238648,2018,ðŸ˜‘,382066.0,North America,17.189877,-88.49765
Costa Rica,13,7.072,1.01,1.459,0.817,0.632,0.101,0.143,1.99370260238648,2018,ðŸ¤©,5040734.0,North America,9.748917,-83.753428
Dominican Republic,83,5.302,0.982,1.441,0.614,0.578,0.106,0.12,1.99370260238648,2018,ðŸ˜‘,10765531.0,North America,18.735693,-70.162651
Mexico,24,6.488,1.038,1.252,0.761,0.479,0.095,0.069,1.99370260238648,2018,ðŸ¤©,124013861.0,North America,23.634501,-102.552784
El Salvador,40,6.167,0.806,1.231,0.639,0.461,0.082,0.065,1.99370260238648,2018,ðŸ¤©,6276342.0,North America,13.794185,-88.89653
Haiti,148,3.582,0.315,0.714,0.289,0.025,0.104,0.392,1.99370260238648,2018,ðŸ˜¡,11012421.0,North America,18.971187,-72.285215
New Zealand,8,7.324,1.268,1.601,0.876,0.669,0.389,0.365,1.99370260238648,2018,ðŸ¤©,4900600.0,Oceania,-40.900557,174.885971
Australia,10,7.272,1.34,1.573,0.91,0.647,0.302,0.361,1.99370260238648,2018,ðŸ¤©,24963258.0,Oceania,-25.274398,133.775136
Chile,25,6.476,1.131,1.331,0.808,0.431,0.061,0.197,1.99370260238648,2018,ðŸ¤©,18701450.0,South America,-35.675147,-71.542969
Brazil,28,6.419,0.986,1.474,0.675,0.493,0.088,0.11,1.99370260238648,2018,ðŸ¤©,210166592.0,South America,-14.235004,-51.92528
Argentina,29,6.388,1.073,1.468,0.744,0.57,0.054,0.062,1.99370260238648,2018,ðŸ¤©,44494502.0,South America,-38.416097,-63.616672
Uruguay,31,6.379,1.093,1.459,0.771,0.625,0.155,0.13,1.99370260238648,2018,ðŸ¤©,3427042.0,South America,-32.522779,-55.765835
Colombia,37,6.26,0.96,1.439,0.635,0.531,0.039,0.099,1.99370260238648,2018,ðŸ¤©,49276961.0,South America,4.570868,-74.297333
Ecuador,48,5.973,0.889,1.33,0.736,0.556,0.12,0.114,1.99370260238648,2018,ðŸ˜‘,17015672.0,South America,-1.831239,-78.183406
Bolivia,62,5.752,0.751,1.223,0.508,0.606,0.054,0.141,1.99370260238648,2018,ðŸ˜‘,11606905.0,South America,-16.290154,-63.588653
Paraguay,64,5.681,0.835,1.522,0.615,0.541,0.074,0.162,1.99370260238648,2018,ðŸ˜‘,6443328.0,South America,-23.442503,-58.443832
Peru,65,5.663,0.934,1.249,0.674,0.53,0.034,0.092,1.99370260238648,2018,ðŸ˜‘,32203944.0,South America,-9.189967,-75.015152
Venezuela,102,4.806,0.996,1.469,0.657,0.133,0.052,0.056,1.99370260238648,2018,ðŸ˜‘,29825653.0,South America,6.42375,-66.58973
South Sudan,156,2.853,0.306,0.575,0.295,0.01,0.091,0.202,1.99370260238648,2019,ðŸ˜¡,10447666.0,Africa,12.862807,30.217636
Gabon,104,4.799,1.057,1.183,0.571,0.295,0.055,0.043,1.99370260238648,2019,ðŸ˜‘,2242785.0,Africa,-0.803689,11.609444
Niger,114,4.628,0.138,0.774,0.366,0.318,0.102,0.188,1.99370260238648,2019,ðŸ˜‘,23443393.0,Africa,17.607789,8.081666
Rwanda,152,3.334,0.359,0.711,0.614,0.555,0.411,0.217,1.99370260238648,2019,ðŸ˜¡,12835028.0,Africa,-1.940278,29.873888
Congo (Brazzaville),103,4.812,0.673,0.799,0.508,0.372,0.093,0.105,1.99370260238648,2019,ðŸ˜‘,5570733.0,Africa,-4.038333,21.758664
Central African Republic,155,3.083,0.026,0.0,0.105,0.225,0.035,0.235,1.99370260238648,2019,ðŸ˜¡,5209324.0,Africa,6.611111,20.939444
Lesotho,144,3.802,0.489,1.169,0.168,0.359,0.093,0.107,1.99370260238648,2019,ðŸ˜¡,2225702.0,Africa,-29.609988,28.233608
Gabon,104,4.799,1.057,1.183,0.571,0.295,0.055,0.043,1.99370260238648,2019,ðŸ˜‘,2242785.0,Africa,-0.803689,11.609444
Comoros,142,3.973,0.274,0.757,0.505,0.142,0.078,0.275,1.99370260238648,2019,ðŸ˜¡,790986.0,Africa,-11.875001,43.872219
Namibia,113,4.639,0.879,1.313,0.477,0.401,0.056,0.07,1.99370260238648,2019,ðŸ˜‘,2446644.0,Africa,-22.95764,18.49041
Nepal,100,4.913,0.446,1.226,0.677,0.439,0.089,0.285,1.99370260238648,2019,ðŸ˜‘,28832496.0,Asia,28.394857,84.124008
Japan,58,5.886,1.327,1.419,1.088,0.445,0.14,0.069,1.99370260238648,2019,ðŸ˜‘,126633000.0,Asia,36.204824,138.252924
Israel,13,7.139,1.276,1.455,1.029,0.371,0.082,0.261,1.99370260238648,2019,ðŸ¤©,9054000.0,Asia,31.046051,34.851612
Vietnam,94,5.175,0.741,1.346,0.851,0.543,0.073,0.147,1.99370260238648,2019,ðŸ˜‘,95776716.0,Asia,14.058324,108.277199
Bhutan,95,5.082,0.813,1.321,0.604,0.457,0.167,0.37,1.99370260238648,2019,ðŸ˜‘,767459.0,Asia,27.514162,90.433601
South Korea,54,5.895,1.301,1.219,1.036,0.159,0.056,0.175,1.99370260238648,2019,ðŸ˜‘,25755441.0,Asia,35.907757,127.766922
Lebanon,91,5.197,0.987,1.224,0.815,0.216,0.027,0.166,1.99370260238648,2019,ðŸ˜‘,5781907.0,Asia,33.854721,35.862285
Turkey,79,5.373,1.183,1.36,0.808,0.195,0.106,0.083,1.99370260238648,2019,ðŸ˜‘,82579440.0,Asia,38.963745,35.243322
Taiwan,25,6.446,1.368,1.43,0.914,0.351,0.097,0.242,1.99370260238648,2019,ðŸ¤©,71307763.0,Asia,23.69781,120.960515
Vietnam,94,5.175,0.741,1.346,0.851,0.543,0.073,0.147,1.99370260238648,2019,ðŸ˜‘,95776716.0,Asia,14.058324,108.277199
Norway,3,7.554,1.488,1.582,1.028,0.603,0.341,0.271,1.99370260238648,2019,ðŸ¤©,5347896.0,Europe,60.472024,8.468946
Italy,36,6.223,1.294,1.488,1.039,0.231,0.03,0.158,1.99370260238648,2019,ðŸ¤©,59729081.0,Europe,41.87194,12.56738
Switzerland,6,7.48,1.452,1.526,1.052,0.572,0.343,0.263,1.99370260238648,2019,ðŸ¤©,8575280.0,Europe,46.818188,8.227512
France,24,6.592,1.324,1.472,1.045,0.436,0.183,0.111,1.99370260238648,2019,ðŸ¤©,67388001.0,Europe,46.227638,2.213749
Moldova,71,5.529,0.685,1.328,0.739,0.245,0.0,0.181,1.99370260238648,2019,ðŸ˜‘,2664224.0,Europe,47.411631,28.369885
Switzerland,6,7.48,1.452,1.526,1.052,0.572,0.343,0.263,1.99370260238648,2019,ðŸ¤©,8575280.0,Europe,46.818188,8.227512
Belgium,18,6.923,1.356,1.504,0.986,0.473,0.21,0.16,1.99370260238648,2019,ðŸ¤©,11488980.0,Europe,50.503887,4.469936
Croatia,75,5.432,1.155,1.266,0.914,0.296,0.022,0.119,1.99370260238648,2019,ðŸ˜‘,4065253.0,Europe,45.1,15.2
United Kingdom,15,7.054,1.333,1.538,0.996,0.45,0.278,0.348,1.99370260238648,2019,ðŸ¤©,66836327.0,Europe,55.378051,-3.435973
Greece,82,5.287,1.181,1.156,0.999,0.067,0.034,0.0,1.99370260238648,2019,ðŸ˜‘,10721582.0,Europe,39.074208,21.824312
Nicaragua,45,6.105,0.694,1.325,0.835,0.435,0.127,0.2,1.99370260238648,2019,ðŸ¤©,6663924.0,North America,12.865416,-85.207229
Panama,31,6.321,1.149,1.442,0.91,0.516,0.054,0.109,1.99370260238648,2019,ðŸ¤©,4232532.0,North America,8.537981,-80.782127
Jamaica,56,5.89,0.831,1.478,0.831,0.49,0.028,0.107,1.99370260238648,2019,ðŸ˜‘,2813773.0,North America,18.109581,-77.297508
El Salvador,35,6.253,0.794,1.242,0.789,0.43,0.074,0.093,1.99370260238648,2019,ðŸ¤©,6280217.0,North America,13.794185,-88.89653
Canada,9,7.278,1.365,1.505,1.039,0.584,0.308,0.285,1.99370260238648,2019,ðŸ¤©,37601230.0,North America,56.130366,-106.346771
Canada,9,7.278,1.365,1.505,1.039,0.584,0.308,0.285,1.99370260238648,2019,ðŸ¤©,37601230.0,North America,56.130366,-106.346771
Trinidad and Tobago,39,6.192,1.231,1.477,0.713,0.489,0.016,0.185,1.99370260238648,2019,ðŸ¤©,1519955.0,North America,10.691803,-61.222503
Dominican Republic,77,5.425,1.015,1.401,0.779,0.497,0.101,0.113,1.99370260238648,2019,ðŸ˜‘,10881882.0,North America,18.735693,-70.162651
Panama,31,6.321,1.149,1.442,0.91,0.516,0.054,0.109,1.99370260238648,2019,ðŸ¤©,4232532.0,North America,8.537981,-80.782127
Dominican Republic,77,5.425,1.015,1.401,0.779,0.497,0.101,0.113,1.99370260238648,2019,ðŸ˜‘,10881882.0,North America,18.735693,-70.162651
New Zealand,8,7.307,1.303,1.557,1.026,0.585,0.38,0.33,1.99370260238648,2019,ðŸ¤©,4979200.0,Oceania,-40.900557,174.885971
Australia,11,7.228,1.372,1.548,1.036,0.557,0.29,0.332,1.99370260238648,2019,ðŸ¤©,25334826.0,Oceania,-25.274398,133.775136
Chile,26,6.444,1.159,1.369,0.92,0.357,0.056,0.187,1.99370260238648,2019,ðŸ¤©,19039485.0,South America,-35.675147,-71.542969
Brazil,32,6.3,1.004,1.439,0.802,0.39,0.086,0.099,1.99370260238648,2019,ðŸ¤©,211782878.0,South America,-14.235004,-51.92528
Uruguay,33,6.293,1.124,1.465,0.891,0.523,0.15,0.127,1.99370260238648,2019,ðŸ¤©,3428409.0,South America,-32.522779,-55.765835
Colombia,43,6.125,0.985,1.41,0.841,0.47,0.034,0.099,1.99370260238648,2019,ðŸ¤©,50187406.0,South America,4.570868,-74.297333
Argentina,47,6.086,1.092,1.432,0.881,0.471,0.05,0.066,1.99370260238648,2019,ðŸ¤©,44938712.0,South America,-38.416097,-63.616672
Ecuador,50,6.028,0.912,1.312,0.868,0.498,0.087,0.126,1.99370260238648,2019,ðŸ¤©,17343740.0,South America,-1.831239,-78.183406
Bolivia,61,5.779,0.776,1.209,0.706,0.511,0.064,0.137,1.99370260238648,2019,ðŸ˜‘,11777315.0,South America,-16.290154,-63.588653
Paraguay,63,5.743,0.855,1.475,0.777,0.514,0.08,0.184,1.99370260238648,2019,ðŸ˜‘,6530026.0,South America,-23.442503,-58.443832
Peru,65,5.697,0.96,1.274,0.854,0.455,0.027,0.083,1.99370260238648,2019,ðŸ˜‘,32824861.0,South America,-9.189967,-75.015152
Venezuela,108,4.707,0.96,1.427,0.805,0.154,0.047,0.064,1.99370260238648,2019,ðŸ˜‘,28971683.0,South America,6.42375,-66.58973
Gambia,113,4.75059986114502,0.256990551948547,0.882678687572479,0.353247880935669,0.403419524431229,0.158093795180321,0.42598968744278,2.27021646499634,2020,ðŸ˜‘,2573995.0,Africa,13.443182,-15.310139
Ethiopia,136,4.18620014190674,0.315125644207001,1.00110328197479,0.483846247196198,0.412566870450974,0.117437034845352,0.227698102593422,1.62845921516418,2020,ðŸ˜¡,117190911.0,Africa,9.145,40.489673
Ghana,91,5.14799976348877,0.575862467288971,0.966367959976196,0.432162255048752,0.477290064096451,0.0565703809261322,0.261291205883026,2.37843728065491,2020,ðŸ˜‘,32180401.0,Africa,7.946527,-1.023194
Uganda,126,4.43200016021729,0.312337428331375,1.05232739448547,0.378311663866043,0.401682555675507,0.0638188421726227,0.264807373285294,1.95867109298706,2020,ðŸ˜¡,44404611.0,Africa,1.373333,32.290275
Uganda,126,4.43200016021729,0.312337428331375,1.05232739448547,0.378311663866043,0.401682555675507,0.0638188421726227,0.264807373285294,1.95867109298706,2020,ðŸ˜¡,44404611.0,Africa,1.373333,32.290275
Libya,80,5.48880004882813,1.02191376686096,1.19628369808197,0.615626633167267,0.451354056596756,0.172258079051971,0.142757698893547,1.88856315612793,2020,ðŸ˜‘,6653942.0,Africa,26.3351,17.228331
Mauritania,129,4.37459993362427,0.539684891700745,1.11332356929779,0.425184816122055,0.185714483261108,0.122257634997368,0.128899663686752,1.85955739021301,2020,ðŸ˜¡,4498604.0,Africa,21.00789,-10.940835
Kenya,121,4.58300018310547,0.476413398981094,0.905077755451202,0.536312758922577,0.519180536270142,0.0672010779380798,0.393902093172073,1.6849045753479,2020,ðŸ˜‘,51985780.0,Africa,-0.023559,37.906193
Ghana,91,5.14799976348877,0.575862467288971,0.966367959976196,0.432162255048752,0.477290064096451,0.0565703809261322,0.261291205883026,2.37843728065491,2020,ðŸ˜‘,32180401.0,Africa,7.946527,-1.023194
Zimbabwe,151,3.2992000579834,0.425564020872116,1.04783523082733,0.375037610530853,0.377404719591141,0.0809285789728165,0.151349186897278,0.841031074523926,2020,ðŸ˜¡,15669666.0,Africa,-19.015438,29.154857
Uzbekistan,38,6.25759983062744,0.696652948856354,1.43402004241943,0.716703712940216,0.693270325660706,0.280260264873505,0.363311022520065,2.07334661483765,2020,ðŸ¤©,34232050.0,Asia,41.377491,64.585262
Bangladesh,107,4.83279991149902,0.556156277656555,0.868800580501556,0.694940507411957,0.604130566120148,0.176735907793045,0.176745116710663,1.75526189804077,2020,ðŸ˜‘,167420951.0,Asia,23.684994,90.356331
Nepal,92,5.13719987869263,0.444050371646881,1.10078930854797,0.668879389762878,0.480608254671097,0.127502962946892,0.300971806049347,2.01438689231873,2020,ðŸ˜‘,29348627.0,Asia,28.394857,84.124008
Tajikistan,71,5.55569982528687,0.47487461566925,1.21837770938873,0.680594801902771,0.521141171455383,0.22177991271019,0.182417124509811,2.25650835037231,2020,ðŸ˜‘,9543207.0,Asia,38.861034,71.276093
Iran,118,4.67239999771118,1.02932250499725,0.886271178722382,0.749053835868835,0.301195472478867,0.14265151321888,0.276978939771652,1.28696942329407,2020,ðŸ˜‘,87290193.0,Asia,32.427908,53.688046
Jordan,119,4.63339996337891,0.785179197788239,1.14011859893799,0.777624726295471,0.424855083227158,0.151878625154495,0.0914947688579559,1.26225805282593,2020,ðŸ˜‘,10928721.0,Asia,30.585164,36.238414
Afghanistan,153,2.56690001487732,0.300705850124359,0.356433838605881,0.266051530838013,0.0,0.0012257853522896,0.135234713554382,1.50723564624786,2020,ðŸ˜¡,38972230.0,Asia,33.93911,67.709953
Laos,104,4.88859987258911,0.71469384431839,0.987391889095306,0.486378282308578,0.612027287483215,0.194273963570595,0.272667109966278,1.62115263938904,2020,ðŸ˜‘,7319399.0,Asia,19.85627,102.495496
Romania,47,6.12370014190674,1.12040162086487,1.19443809986115,0.792294859886169,0.53485232591629,0.00082956883125,0.0681816190481186,2.41274976730347,2020,ðŸ¤©,19265250.0,Asia,45.943161,24.96676
Kyrgyzstan,74,5.54150009155273,0.51318097114563,1.34103667736053,0.680645883083344,0.614617764949799,0.030466690659523,0.301370739936829,2.06020665168762,2020,ðŸ˜‘,6579900.0,Asia,41.20438,74.766098
Luxembourg,10,7.23750019073486,1.53667604923248,1.38752841949463,0.986442685127258,0.610137045383453,0.3670414686203,0.195953920483589,2.15370035171509,2020,ðŸ¤©,630419.0,Europe,49.815273,6.129583
Cyprus,45,6.15899991989136,1.21279942989349,1.14917075634003,1.02612459659576,0.459385871887207,0.0512071438133717,0.227932333946228,2.03233480453491,2020,ðŸ¤©,1237537.0,Europe,35.126413,33.429859
Poland,43,6.1862998008728,1.16922914981842,1.31039977073669,0.868038475513458,0.557903528213501,0.160541251301765,0.0633742436766624,2.05679798126221,2020,ðŸ¤©,37899070.0,Europe,51.919438,19.145136
Slovakia,37,6.28060007095337,1.19483768939972,1.4243311882019,0.853465259075165,0.423542529344559,0.0112914405763149,0.116729773581028,2.25642204284668,2020,ðŸ¤©,2102419.0,Europe,48.669026,19.699024
Greece,77,5.5149998664856,1.12807011604309,1.16897356510162,0.979431748390198,0.173516348004341,0.0488443523645401,0.0,2.01617908477783,2020,ðŸ˜‘,10698599.0,Europe,39.074208,21.824312
Kosovo,35,6.32520008087158,0.840481340885162,1.18396282196045,0.672709167003632,0.557280421257019,0.0085590239614248,0.325286865234375,2.73690271377563,2020,ðŸ¤©,1790133.0,Europe,42.602636,20.902977
Hungary,53,6.00040006637573,1.16430711746216,1.42300939559937,0.806793868541718,0.386401802301407,0.0275481734424829,0.0704912394285202,2.12184572219849,2020,ðŸ¤©,9750149.0,Europe,47.162494,19.503304
Luxembourg,10,7.23750019073486,1.53667604923248,1.38752841949463,0.986442685127258,0.610137045383453,0.3670414686203,0.195953920483589,2.15370035171509,2020,ðŸ¤©,630419.0,Europe,49.815273,6.129583
Swaziland,132,4.30810022354126,0.82753974199295,1.06483519077301,0.215585827827454,0.299935787916183,0.146765872836113,0.0672648325562477,1.68620729446411,2020,ðŸ˜¡,71475664.0,Europe,-26.522503,31.465866
Serbia,64,5.77820014953613,0.988181829452515,1.32744896411896,0.828403294086456,0.395428419113159,0.0594471469521523,0.150282889604568,2.02904009819031,2020,ðŸ˜‘,6899126.0,Europe,44.016521,21.005859
Dominican Republic,68,5.68919992446899,0.983191847801208,1.32888889312744,0.741901695728302,0.562873899936676,0.115945681929588,0.112196780741215,1.84424686431885,2020,ðŸ˜‘,10999664.0,North America,18.735693,-70.162651
Nicaragua,46,6.13710021972656,0.620033144950867,1.27081274986267,0.803093254566193,0.560117304325104,0.174084573984146,0.212871477007866,2.49608111381531,2020,ðŸ¤©,6755895.0,North America,12.865416,-85.207229
El Salvador,34,6.34829998016357,0.748940408229828,1.14939761161804,0.752730011940002,0.524043917655945,0.11703035235405,0.11893630027771,2.93719172477722,2020,ðŸ¤©,6292731.0,North America,13.794185,-88.89653
Trinidad and Tobago,42,6.19189977645874,1.16764152050018,1.40732622146606,0.658828556537628,0.552931129932404,0.0150783956050873,0.199358254671097,2.19069576263428,2020,ðŸ¤©,1518147.0,North America,10.691803,-61.222503
Panama,36,6.30480003356934,1.09766781330109,1.37614929676056,0.878546535968781,0.579849779605865,0.0542305260896683,0.0972073078155518,2.22117614746094,2020,ðŸ¤©,4294396.0,North America,8.537981,-80.782127
Guatemala,29,6.39890003204346,0.753815710544586,1.17426705360413,0.7059525847435,0.613146722316742,0.0983603000640869,0.170611664652824,2.88272309303284,2020,ðŸ¤©,16858333.0,North America,15.783471,-90.230759
Dominican Republic,68,5.68919992446899,0.983191847801208,1.32888889312744,0.741901695728302,0.562873899936676,0.115945681929588,0.112196780741215,1.84424686431885,2020,ðŸ˜‘,10999664.0,North America,18.735693,-70.162651
Costa Rica,15,7.12139987945557,0.981107711791992,1.37485361099243,0.939635336399078,0.645017743110657,0.0963620916008949,0.131266310811043,2.95313501358032,2020,ðŸ¤©,5123105.0,North America,9.748917,-83.753428
Trinidad and Tobago,42,6.19189977645874,1.16764152050018,1.40732622146606,0.658828556537628,0.552931129932404,0.0150783956050873,0.199358254671097,2.19069576263428,2020,ðŸ¤©,1518147.0,North America,10.691803,-61.222503
United States,18,6.93959999084473,1.37398684024811,1.40478670597076,0.831618010997772,0.534608244895935,0.152284741401672,0.298143059015274,2.34412479400635,2020,ðŸ¤©,331511512.0,North America,37.09024,-95.712891
New Zealand,8,7.29960012435913,1.24231791496277,1.48721837997437,1.00813829898834,0.646789908409119,0.461268275976181,0.325726211071014,2.12810802459717,2020,ðŸ¤©,5090200.0,Oceania,-40.900557,174.885971
Australia,12,7.22279977798462,1.31039643287659,1.47714626789093,1.02260768413544,0.621877193450928,0.33599641919136,0.324973613023758,2.1298041343689,2020,ðŸ¤©,25649248.0,Oceania,-25.274398,133.775136
Uruguay,26,6.44010019302368,1.07100045681,1.42508113384247,0.856928884983063,0.594267070293427,0.193425074219704,0.132143691182137,2.16727638244629,2020,ðŸ¤©,3429086.0,South America,-32.522779,-55.765835
Brazil,32,6.37559986114502,0.952679872512817,1.36346411705017,0.766119062900543,0.483292728662491,0.106518603861332,0.131674587726593,2.57186031341553,2020,ðŸ¤©,213196304.0,South America,-14.235004,-51.92528
Chile,39,6.22849988937378,1.09699249267578,1.32328689098358,0.889260828495026,0.417482227087021,0.0628493502736092,0.155579000711441,2.28301286697388,2020,ðŸ¤©,19300315.0,South America,-35.675147,-71.542969
Colombia,44,6.16340017318726,0.932203710079193,1.3344509601593,0.81002014875412,0.52689003944397,0.0458483695983887,0.0923740938305855,2.42165660858154,2020,ðŸ¤©,50930662.0,South America,4.570868,-74.297333
Argentina,55,5.97469997406006,1.02846562862396,1.37254369258881,0.849773705005646,0.520840346813202,0.0604150593280792,0.0701004713773727,2.07254099845886,2020,ðŸ˜‘,45376763.0,South America,-38.416097,-63.616672
Ecuador,58,5.92519998550415,0.853383600711823,1.22102761268616,0.838837742805481,0.555234551429749,0.0867533832788467,0.115006476640701,2.25493383407593,2020,ðŸ˜‘,17588595.0,South America,-1.831239,-78.183406
Peru,63,5.79680013656616,0.918549180030823,1.2084059715271,0.824444174766541,0.51321005821228,0.0270326603204012,0.0916118174791336,2.21349954605103,2020,ðŸ˜‘,33304756.0,South America,-9.189967,-75.015152
Bolivia,65,5.74749994277954,0.730976343154907,1.14235055446625,0.662445664405823,0.574464499950409,0.0729426369071007,0.138375073671341,2.42592859268188,2020,ðŸ˜‘,11936162.0,South America,-16.290154,-63.588653
Paraguay,67,5.69210004806519,0.897990822792053,1.36819756031036,0.735869646072388,0.586510062217712,0.0650773793458939,0.204299241304398,1.83412528038025,2020,ðŸ˜‘,6618695.0,South America,-23.442503,-58.443832
Venezuela,99,5.05319976806641,0.770238637924194,1.34854686260223,0.767025530338287,0.271717220544815,0.0636247768998146,0.0871791541576385,1.74484086036682,2020,ðŸ˜‘,28490453.0,South America,6.42375,-66.58973
Tunisia,122,4.596,0.919,0.515,0.59,0.334,0.044,0.057,2.138,2021,ðŸ˜‘,12262946.0,Africa,33.886917,9.537499
Mauritania,134,4.227,0.666,0.749,0.273,0.218,0.133,0.119,2.069,2021,ðŸ˜¡,4614974.0,Africa,21.00789,-10.940835
Ghana,95,5.088,0.68,0.595,0.287,0.517,0.058,0.268,2.684,2021,ðŸ˜‘,32833031.0,Africa,7.946527,-1.023194
Algeria,109,4.887,0.946,0.765,0.552,0.119,0.12,0.144,2.242,2021,ðŸ˜‘,44177969.0,Africa,28.033886,1.659626
Senegal,92,5.132,0.518,0.558,0.357,0.381,0.088,0.158,3.071,2021,ðŸ˜‘,16876720.0,Africa,14.497401,-14.452362
Botswana,146,3.467,1.099,0.724,0.34,0.539,0.088,0.027,0.648,2021,ðŸ˜¡,2588423.0,Africa,-22.328474,24.684866
Lesotho,145,3.512,0.451,0.731,0.007,0.405,0.015,0.103,1.8,2021,ðŸ˜¡,2281454.0,Africa,-29.609988,28.233608
Algeria,109,4.887,0.946,0.765,0.552,0.119,0.12,0.144,2.242,2021,ðŸ˜‘,44177969.0,Africa,28.033886,1.659626
Uganda,119,4.636,0.364,0.718,0.24,0.398,0.054,0.267,2.596,2021,ðŸ˜‘,45853778.0,Africa,1.373333,32.290275
Chad,128,4.355,0.255,0.353,0.0,0.24,0.084,0.215,3.209,2021,ðŸ˜¡,17179740.0,Africa,15.454166,18.732207
Japan,56,5.94,1.389,0.949,0.838,0.504,0.192,0.02,2.048,2021,ðŸ˜‘,125681593.0,Asia,36.204824,138.252924
Georgia,108,4.891,1.03,0.47,0.498,0.488,0.181,0.032,2.191,2021,ðŸ˜‘,3708610.0,Asia,42.315407,43.356892
Afghanistan,149,2.523,0.37,0.0,0.126,0.0,0.01,0.122,1.895,2021,ðŸ˜¡,40099462.0,Asia,33.93911,67.709953
Malaysia,81,5.384,1.259,0.797,0.587,0.624,0.064,0.27,1.784,2021,ðŸ˜‘,33573874.0,Asia,4.210484,101.975766
Philippines,61,5.88,0.853,0.828,0.426,0.651,0.126,0.125,2.872,2021,ðŸ˜‘,113880328.0,Asia,12.879721,121.774017
Bahrain,22,6.647,1.409,0.899,0.662,0.661,0.139,0.246,2.631,2021,ðŸ¤©,1463265.0,Asia,25.930414,50.637772
Armenia,86,5.283,0.996,0.758,0.585,0.54,0.198,0.079,2.127,2021,ðŸ˜‘,2790974.0,Asia,40.069099,45.038189
United Arab Emirates,25,6.561,1.555,0.86,0.594,0.67,0.223,0.236,2.422,2021,ðŸ¤©,9365145.0,Asia,23.424076,53.847818
Pakistan,105,4.934,0.637,0.423,0.322,0.418,0.097,0.252,2.784,2021,ðŸ˜‘,231402117.0,Asia,30.375321,69.345116
Maldives,89,5.198,1.115,1.015,0.697,0.575,0.073,0.204,1.52,2021,ðŸ˜‘,521457.0,Asia,3.202778,73.22068
Belarus,75,5.534,1.124,1.007,0.56,0.326,0.199,0.07,2.247,2021,ðŸ˜‘,9302585.0,Europe,53.709807,27.953389
Finland,1,7.842,1.446,1.106,0.741,0.691,0.481,0.124,3.253,2021,ðŸ¤©,5541017.0,Europe,61.92411,25.748151
Spain,27,6.491,1.375,1.057,0.826,0.462,0.124,0.135,2.513,2021,ðŸ¤©,47415794.0,Europe,40.463667,-3.74922
Sweden,7,7.363,1.478,1.062,0.763,0.685,0.448,0.244,2.683,2021,ðŸ¤©,10415811.0,Europe,60.128161,18.643501
Greece,68,5.723,1.273,0.811,0.76,0.243,0.074,0.0,2.561,2021,ðŸ˜‘,10569207.0,Europe,39.074208,21.824312
Malta,23,6.602,1.411,1.055,0.747,0.664,0.183,0.275,2.268,2021,ðŸ¤©,518536.0,Europe,35.937496,14.375416
Kosovo,33,6.372,0.937,0.807,0.483,0.593,0.014,0.356,3.182,2021,ðŸ¤©,1786038.0,Europe,42.602636,20.902977
Netherlands,5,7.464,1.501,1.079,0.753,0.647,0.384,0.302,2.798,2021,ðŸ¤©,17533044.0,Europe,52.132633,5.291266
Albania,93,5.117,1.008,0.529,0.646,0.491,0.024,0.168,2.25,2021,ðŸ˜‘,2811666.0,Europe,41.153332,20.168331
Estonia,40,6.189,1.344,1.079,0.64,0.641,0.263,0.119,2.103,2021,ðŸ¤©,1330932.0,Europe,58.595272,25.013607
Jamaica,37,6.309,0.891,0.932,0.599,0.618,0.035,0.099,3.135,2021,ðŸ¤©,2827695.0,North America,18.109581,-77.297508
Nicaragua,55,5.972,0.693,0.904,0.604,0.553,0.176,0.201,2.841,2021,ðŸ˜‘,6850540.0,North America,12.865416,-85.207229
Haiti,143,3.615,0.294,0.173,0.227,0.257,0.139,0.463,2.06,2021,ðŸ˜¡,11447569.0,North America,18.971187,-72.285215
Guatemala,30,6.435,0.845,0.79,0.519,0.638,0.105,0.163,3.375,2021,ðŸ¤©,17109746.0,North America,15.783471,-90.230759
El Salvador,49,6.061,0.845,0.675,0.565,0.615,0.16,0.116,3.085,2021,ðŸ¤©,6314167.0,North America,13.794185,-88.89653
Costa Rica,16,7.069,1.134,0.966,0.722,0.673,0.083,0.105,3.387,2021,ðŸ¤©,5153957.0,North America,9.748917,-83.753428
Canada,14,7.103,1.447,1.044,0.798,0.648,0.335,0.246,2.585,2021,ðŸ¤©,38226498.0,North America,56.130366,-106.346771
Haiti,143,3.615,0.294,0.173,0.227,0.257,0.139,0.463,2.06,2021,ðŸ˜¡,11447569.0,North America,18.971187,-72.285215
United States,19,6.951,1.533,1.03,0.621,0.554,0.154,0.252,2.807,2021,ðŸ¤©,332031554.0,North America,37.09024,-95.712891
Nicaragua,55,5.972,0.693,0.904,0.604,0.553,0.176,0.201,2.841,2021,ðŸ˜‘,6850540.0,North America,12.865416,-85.207229
New Zealand,9,7.277,1.4,1.094,0.785,0.665,0.445,0.276,2.612,2021,ðŸ¤©,5111400.0,Oceania,-40.900557,174.885971
Australia,11,7.183,1.453,1.076,0.801,0.647,0.317,0.291,2.598,2021,ðŸ¤©,25685412.0,Oceania,-25.274398,133.775136
Uruguay,31,6.431,1.164,1.042,0.649,0.625,0.223,0.128,2.6,2021,ðŸ¤©,3426260.0,South America,-32.522779,-55.765835
Brazil,35,6.33,1.028,0.944,0.571,0.514,0.117,0.142,3.015,2021,ðŸ¤©,214326223.0,South America,-14.235004,-51.92528
Chile,43,6.172,1.2,0.946,0.678,0.438,0.07,0.159,2.682,2021,ðŸ¤©,19493184.0,South America,-35.675147,-71.542969
Colombia,52,6.012,1.021,0.866,0.615,0.554,0.063,0.1,2.794,2021,ðŸ¤©,51516562.0,South America,4.570868,-74.297333
Argentina,57,5.929,1.162,0.98,0.646,0.544,0.067,0.069,2.461,2021,ðŸ˜‘,45808747.0,South America,-38.416097,-63.616672
Peru,63,5.84,0.986,0.833,0.623,0.536,0.031,0.087,2.744,2021,ðŸ˜‘,33715471.0,South America,-9.189967,-75.015152
Ecuador,66,5.764,0.935,0.806,0.64,0.56,0.062,0.107,2.653,2021,ðŸ˜‘,17797737.0,South America,-1.831239,-78.183406
Bolivia,69,5.716,0.842,0.782,0.486,0.6,0.064,0.138,2.805,2021,ðŸ˜‘,12079472.0,South America,-16.290154,-63.588653
Paraguay,71,5.653,0.983,0.97,0.549,0.602,0.037,0.206,2.306,2021,ðŸ˜‘,6703799.0,South America,-23.442503,-58.443832
Venezuela,107,4.892,0.852,0.897,0.574,0.284,0.072,0.078,2.135,2021,ðŸ˜‘,28199867.0,South America,6.42375,-66.58973
Ethiopia,131,4.241,0.788,0.809,0.457,0.472,0.136,0.205,1.375,2022,ðŸ˜¡,123379924.0,Africa,9.145,40.489673
Madagascar,128,4.339,0.67,0.645,0.378,0.202,0.154,0.143,2.148,2022,ðŸ˜¡,29611714.0,Africa,-18.766947,46.869107
Niger,104,5.003,0.57,0.56,0.326,0.571,0.145,0.165,2.667,2022,ðŸ˜‘,26207977.0,Africa,17.607789,8.081666
Morocco,100,5.06,1.208,0.268,0.565,0.492,0.102,0.02,2.405,2022,ðŸ˜‘,37457971.0,Africa,31.791702,-7.09262
Namibia,124,4.459,1.292,0.877,0.354,0.384,0.071,0.067,1.414,2022,ðŸ˜¡,2567012.0,Africa,-22.95764,18.49041
Togo,135,4.112,0.771,0.322,0.36,0.292,0.132,0.174,2.061,2022,ðŸ˜¡,8848699.0,Africa,8.619543,0.824782
Nigeria,118,4.552,1.079,0.732,0.3,0.444,0.038,0.175,1.784,2022,ðŸ˜‘,218541212.0,Africa,9.081999,8.675277
Morocco,100,5.06,1.208,0.268,0.565,0.492,0.102,0.02,2.405,2022,ðŸ˜‘,37457971.0,Africa,31.791702,-7.09262
Zimbabwe,144,2.995,0.947,0.69,0.27,0.329,0.105,0.106,0.548,2022,ðŸ˜¡,16320537.0,Africa,-19.015438,29.154857
Lesotho,141,3.512,0.839,0.848,0.0,0.419,0.018,0.076,1.312,2022,ðŸ˜¡,2305825.0,Africa,-29.609988,28.233608
Iran,110,4.888,1.41,0.741,0.642,0.281,0.146,0.241,1.427,2022,ðŸ˜‘,88550570.0,Asia,32.427908,53.688046
China,72,5.585,1.508,0.958,0.705,0.656,0.142,0.099,1.516,2022,ðŸ˜‘,1412175000.0,Asia,35.86166,104.195397
Afghanistan,146,2.404,0.758,0.0,0.289,0.0,0.005,0.089,1.263,2022,ðŸ˜¡,41128771.0,Asia,33.93911,67.709953
Mongolia,68,5.761,1.393,1.197,0.467,0.398,0.059,0.247,1.999,2022,ðŸ˜‘,3398366.0,Asia,46.862496,103.846656
Romania,28,6.477,1.719,1.006,0.655,0.605,0.006,0.039,2.446,2022,ðŸ¤©,19047009.0,Asia,45.943161,24.96676
Bahrain,21,6.647,1.854,1.029,0.625,0.693,0.155,0.199,2.092,2022,ðŸ¤©,1472233.0,Asia,25.930414,50.637772
Yemen,132,4.197,0.691,1.043,0.384,0.33,0.098,0.09,1.561,2022,ðŸ˜¡,33696614.0,Asia,15.552727,48.516388
Azerbaijan,92,5.173,1.458,1.093,0.56,0.601,0.341,0.023,1.098,2022,ðŸ˜‘,10141756.0,Asia,40.143105,47.576927
Hong Kong,81,5.425,1.957,0.954,0.942,0.4,0.383,0.147,0.642,2022,ðŸ˜‘,7346100.0,Asia,22.396428,114.109497
Iran,110,4.888,1.41,0.741,0.642,0.281,0.146,0.241,1.427,2022,ðŸ˜‘,88550570.0,Asia,32.427908,53.688046
Slovakia,35,6.391,1.736,1.232,0.707,0.479,0.025,0.118,2.094,2022,ðŸ¤©,2111986.0,Europe,48.669026,19.699024
Serbia,43,6.178,1.55,1.086,0.658,0.546,0.088,0.219,2.031,2022,ðŸ¤©,6664449.0,Europe,44.016521,21.005859
Luxembourg,6,7.404,2.209,1.155,0.79,0.7,0.388,0.12,2.042,2022,ðŸ¤©,653103.0,Europe,49.815273,6.129583
Malta,33,6.447,1.838,1.169,0.789,0.679,0.166,0.174,1.631,2022,ðŸ¤©,531113.0,Europe,35.937496,14.375416
Austria,11,7.163,1.931,1.165,0.774,0.623,0.329,0.193,2.148,2022,ðŸ¤©,9041851.0,Europe,47.516231,14.550072
Switzerland,4,7.512,2.026,1.226,0.822,0.677,0.461,0.147,2.153,2022,ðŸ¤©,8775760.0,Europe,46.818188,8.227512
Denmark,2,7.636,1.953,1.243,0.777,0.719,0.532,0.188,2.226,2022,ðŸ¤©,5903037.0,Europe,56.26392,9.501785
Hungary,51,6.086,1.748,1.233,0.668,0.485,0.064,0.078,1.812,2022,ðŸ¤©,9643048.0,Europe,47.162494,19.503304
Spain,29,6.476,1.808,1.211,0.808,0.505,0.149,0.101,1.893,2022,ðŸ¤©,47778340.0,Europe,40.463667,-3.74922
Ireland,13,7.041,2.129,1.166,0.779,0.627,0.408,0.19,1.743,2022,ðŸ¤©,5127170.0,Europe,53.41291,-8.24389
Jamaica,63,5.85,1.296,1.045,0.646,0.567,0.053,0.08,2.164,2022,ðŸ˜‘,2827377.0,North America,18.109581,-77.297508
Mexico,46,6.128,1.552,0.886,0.623,0.621,0.115,0.092,2.239,2022,ðŸ¤©,127504125.0,North America,23.634501,-102.552784
Mexico,46,6.128,1.552,0.886,0.623,0.621,0.115,0.092,2.239,2022,ðŸ¤©,127504125.0,North America,23.634501,-102.552784
Mexico,46,6.128,1.552,0.886,0.623,0.621,0.115,0.092,2.239,2022,ðŸ¤©,127504125.0,North America,23.634501,-102.552784
Honduras,55,6.022,1.111,0.885,0.555,0.582,0.076,0.202,2.611,2022,ðŸ¤©,10432860.0,North America,15.199999,-86.241905
Guatemala,39,6.262,1.274,0.831,0.522,0.662,0.115,0.112,2.746,2022,ðŸ¤©,17357886.0,North America,15.783471,-90.230759
Costa Rica,23,6.582,1.584,1.054,0.744,0.661,0.102,0.089,2.346,2022,ðŸ¤©,5180829.0,North America,9.748917,-83.753428
Honduras,55,6.022,1.111,0.885,0.555,0.582,0.076,0.202,2.611,2022,ðŸ¤©,10432860.0,North America,15.199999,-86.241905
El Salvador,49,6.12,1.265,0.768,0.607,0.666,0.212,0.089,2.514,2022,ðŸ¤©,6336392.0,North America,13.794185,-88.89653
Honduras,55,6.022,1.111,0.885,0.555,0.582,0.076,0.202,2.611,2022,ðŸ¤©,10432860.0,North America,15.199999,-86.241905
New Zealand,10,7.2,1.852,1.235,0.752,0.68,0.483,0.245,1.954,2022,ðŸ¤©,5124100.0,Oceania,-40.900557,174.885971
Australia,12,7.162,1.9,1.203,0.772,0.676,0.341,0.258,2.011,2022,ðŸ¤©,26005540.0,Oceania,-25.274398,133.775136
Uruguay,30,6.474,1.615,1.18,0.672,0.665,0.265,0.103,1.974,2022,ðŸ¤©,3422794.0,South America,-32.522779,-55.765835
Brazil,38,6.293,1.462,1.044,0.615,0.546,0.134,0.131,2.361,2022,ðŸ¤©,215313498.0,South America,-14.235004,-51.92528
Chile,44,6.172,1.651,1.08,0.748,0.46,0.069,0.124,2.04,2022,ðŸ¤©,19603733.0,South America,-35.675147,-71.542969
Argentina,57,5.967,1.592,1.102,0.662,0.555,0.085,0.081,1.891,2022,ðŸ˜‘,46234830.0,South America,-38.416097,-63.616672
Colombia,66,5.781,1.452,0.929,0.72,0.545,0.077,0.087,1.971,2022,ðŸ˜‘,51874024.0,South America,4.570868,-74.297333
Bolivia,71,5.6,1.256,0.88,0.555,0.627,0.064,0.112,2.107,2022,ðŸ˜‘,12224110.0,South America,-16.290154,-63.588653
Paraguay,73,5.578,1.409,1.13,0.624,0.629,0.059,0.171,1.555,2022,ðŸ˜‘,6780744.0,South America,-23.442503,-58.443832
Peru,74,5.559,1.397,0.865,0.735,0.545,0.037,0.09,1.89,2022,ðŸ˜‘,34049588.0,South America,-9.189967,-75.015152
Ecuador,76,5.533,1.352,0.879,0.708,0.565,0.083,0.08,1.866,2022,ðŸ˜‘,18001000.0,South America,-1.831239,-78.183406
Venezuela,108,4.925,0.0,0.968,0.578,0.283,0.082,0.225,2.79,2022,ðŸ˜‘,28301696.0,South America,6.42375,-66.58973
Tunisia,110,4.497,1.333,0.981,0.422,0.259,0.016,0.022,1.463,2023,ðŸ˜¡,12458223.0,Africa,33.886917,9.537499
Madagascar,127,4.019,0.632,0.779,0.178,0.187,0.134,0.177,1.932,2023,ðŸ˜¡,1830211.0,Africa,-18.766947,46.869107
Mauritius,59,5.902,1.589,1.382,0.336,0.574,0.11,0.121,1.79,2023,ðŸ˜‘,704149.0,Africa,-20.348404,57.552152
Burkina Faso,104,4.638,0.768,0.814,0.107,0.419,0.113,0.188,2.23,2023,ðŸ˜‘,71801279.0,Africa,12.238333,-1.561593
Algeria,81,5.329,1.353,1.298,0.409,0.252,0.152,0.073,1.791,2023,ðŸ˜‘,21893579.0,Africa,28.033886,1.659626
Kenya,111,4.487,1.051,0.881,0.19,0.418,0.055,0.291,1.601,2023,ðŸ˜¡,5371230.0,Africa,-0.023559,37.906193
Cameroon,96,4.973,0.965,0.871,0.118,0.405,0.059,0.144,2.411,2023,ðŸ˜‘,35163944.0,Africa,7.369722,12.354722
Mauritius,59,5.902,1.589,1.382,0.336,0.574,0.11,0.121,1.79,2023,ðŸ˜‘,704149.0,Africa,-20.348404,57.552152
Tanzania,129,3.694,0.836,0.787,0.214,0.607,0.269,0.234,0.747,2023,ðŸ˜¡,67438106.0,Africa,-6.369028,34.888822
Malawi,131,3.495,0.637,0.479,0.189,0.49,0.129,0.139,1.432,2023,ðŸ˜¡,654768.0,Africa,-13.254308,34.301525
Sri Lanka,112,4.442,1.422,1.224,0.426,0.539,0.086,0.12,0.625,2023,ðŸ˜¡,2773168.0,Asia,7.873054,80.771797
Bahrain,42,6.173,1.883,1.269,0.389,0.748,0.138,0.199,1.546,2023,ðŸ¤©,64756584.0,Asia,25.930414,50.637772
Bahrain,42,6.173,1.883,1.269,0.389,0.748,0.138,0.199,1.546,2023,ðŸ¤©,64756584.0,Asia,25.930414,50.637772
India,126,4.036,1.159,0.674,0.252,0.685,0.111,0.175,0.979,2023,ðŸ˜¡,6687717.0,Asia,20.593684,78.96288
Vietnam,65,5.763,1.349,1.212,0.381,0.741,0.122,0.134,1.824,2023,ðŸ˜‘,98858950.0,Asia,14.058324,108.277199
Lebanon,136,2.392,1.417,0.476,0.398,0.123,0.027,0.061,-0.11,2023,ðŸ˜¡,4008617.0,Asia,33.854721,35.862285
Philippines,76,5.523,1.238,1.108,0.286,0.714,0.141,0.104,1.931,2023,ðŸ˜‘,231856.0,Asia,12.879721,121.774017
United Arab Emirates,26,6.571,2.015,1.223,0.401,0.745,0.247,0.188,1.752,2023,ðŸ¤©,144444359.0,Asia,23.424076,53.847818
Romania,24,6.589,1.726,1.28,0.423,0.631,0.0,0.044,2.485,2023,ðŸ¤©,94298.0,Asia,45.943161,24.96676
Vietnam,65,5.763,1.349,1.212,0.381,0.741,0.122,0.134,1.824,2023,ðŸ˜‘,98858950.0,Asia,14.058324,108.277199
Ukraine,92,5.071,1.358,1.354,0.355,0.551,0.016,0.265,1.172,2023,ðŸ˜‘,36744634.0,Europe,48.379433,31.16558
Norway,7,7.315,1.994,1.521,0.544,0.752,0.463,0.212,1.829,2023,ðŸ¤©,412623.0,Europe,60.472024,8.468946
Croatia,48,6.125,1.727,1.455,0.475,0.5,0.003,0.087,1.88,2023,ðŸ¤©,8791092.0,Europe,45.1,15.2
Cyprus,46,6.13,1.824,1.224,0.58,0.455,0.05,0.104,1.893,2023,ðŸ¤©,27202843.0,Europe,35.126413,33.429859
Slovakia,29,6.469,1.731,1.544,0.472,0.494,0.022,0.128,2.078,2023,ðŸ¤©,5795199.0,Europe,48.669026,19.699024
Italy,33,6.405,1.832,1.365,0.559,0.438,0.063,0.097,2.052,2023,ðŸ¤©,5742315.0,Europe,41.87194,12.56738
Latvia,41,6.213,1.737,1.505,0.405,0.58,0.071,0.107,1.808,2023,ðŸ¤©,2604172.0,Europe,56.879635,24.603189
United Kingdom,19,6.796,1.857,1.366,0.511,0.626,0.34,0.272,1.822,2023,ðŸ¤©,11686140.0,Europe,55.378051,-3.435973
Bulgaria,77,5.466,1.635,1.457,0.408,0.557,0.013,0.106,1.289,2023,ðŸ˜‘,67736802.0,Europe,42.733883,25.48583
Bulgaria,77,5.466,1.635,1.457,0.408,0.557,0.013,0.106,1.289,2023,ðŸ˜‘,67736802.0,Europe,42.733883,25.48583
Dominican Republic,73,5.569,1.536,1.227,0.351,0.623,0.195,0.083,1.553,2023,ðŸ˜‘,23251485.0,North America,18.735693,-70.162651
Jamaica,68,5.703,1.305,1.329,0.411,0.587,0.039,0.079,1.954,2023,ðŸ˜‘,5795199.0,North America,18.109581,-77.297508
Dominican Republic,73,5.569,1.536,1.227,0.351,0.623,0.195,0.083,1.553,2023,ðŸ˜‘,23251485.0,North America,18.735693,-70.162651
Jamaica,68,5.703,1.305,1.329,0.411,0.587,0.039,0.079,1.954,2023,ðŸ˜‘,5795199.0,North America,18.109581,-77.297508
El Salvador,50,6.122,1.278,1.044,0.383,0.713,0.222,0.079,2.403,2023,ðŸ¤©,47755.0,North America,13.794185,-88.89653
El Salvador,50,6.122,1.278,1.044,0.383,0.713,0.222,0.079,2.403,2023,ðŸ¤©,47755.0,North America,13.794185,-88.89653
Jamaica,68,5.703,1.305,1.329,0.411,0.587,0.039,0.079,1.954,2023,ðŸ˜‘,5795199.0,North America,18.109581,-77.297508
United States,15,6.894,1.98,1.46,0.39,0.557,0.172,0.21,2.124,2023,ðŸ¤©,339996563.0,North America,37.09024,-95.712891
El Salvador,50,6.122,1.278,1.044,0.383,0.713,0.222,0.079,2.403,2023,ðŸ¤©,47755.0,North America,13.794185,-88.89653
Canada,13,6.961,1.881,1.484,0.541,0.656,0.364,0.218,1.815,2023,ðŸ¤©,42239854.0,North America,56.130366,-106.346771
New Zealand,10,7.123,1.842,1.544,0.513,0.672,0.471,0.23,1.852,2023,ðŸ¤©,366981.0,Oceania,-40.900557,174.885971
Australia,12,7.095,1.899,1.497,0.532,0.677,0.31,0.242,1.938,2023,ðŸ¤©,112716598.0,Oceania,-25.274398,133.775136
Uruguay,28,6.494,1.617,1.445,0.435,0.683,0.254,0.102,1.958,2023,ðŸ¤©,3423108.0,South America,-32.522779,-55.765835
Chile,35,6.334,1.645,1.384,0.511,0.546,0.076,0.131,2.04,2023,ðŸ¤©,36744634.0,South America,-35.675147,-71.542969
Brazil,49,6.125,1.454,1.25,0.387,0.558,0.137,0.131,2.205,2023,ðŸ¤©,48582334.0,South America,-14.235004,-51.92528
Argentina,52,6.024,1.59,1.388,0.427,0.587,0.082,0.088,1.861,2023,ðŸ¤©,126527060.0,South America,-38.416097,-63.616672
Paraguay,66,5.738,1.428,1.427,0.392,0.678,0.062,0.148,1.604,2023,ðŸ˜‘,111802.0,South America,-23.442503,-58.443832
Bolivia,69,5.684,1.24,1.187,0.329,0.648,0.06,0.103,2.118,2023,ðŸ˜‘,51784059.0,South America,-16.290154,-63.588653
Colombia,72,5.63,1.455,1.213,0.486,0.562,0.068,0.08,1.765,2023,ðŸ˜‘,34121985.0,South America,4.570868,-74.297333
Ecuador,74,5.559,1.343,1.173,0.476,0.56,0.069,0.079,1.86,2023,ðŸ˜‘,18278568.0,South America,-1.831239,-78.183406
Peru,75,5.526,1.39,1.153,0.499,0.549,0.027,0.073,1.835,2023,ðŸ˜‘,281995.0,South America,-9.189967,-75.015152
Venezuela,88,5.211,0.0,1.257,0.341,0.369,0.084,0.205,2.955,2023,ðŸ˜‘,28838499.0,South America,6.42375,-66.58973
Ivory Coast,96,5.08,1.08,0.578,0.288,0.547,0.164,0.12,2.303,2024,ðŸ˜‘,29486939.0,Africa,7.539989,-5.54708
Tanzania,131,3.781,0.82,0.706,0.38,0.709,0.257,0.191,0.717,2024,ðŸ˜¡,69102946.0,Africa,-6.369028,34.888822
Madagascar,123,4.228,0.628,0.823,0.333,0.25,0.123,0.172,1.897,2024,ðŸ˜¡,1813236.0,Africa,-18.766947,46.869107
Botswana,137,3.383,1.445,0.969,0.241,0.567,0.082,0.014,0.066,2024,ðŸ˜¡,46174873.0,Africa,-22.328474,24.684866
Tunisia,115,4.422,1.306,0.955,0.579,0.254,0.018,0.024,1.285,2024,ðŸ˜¡,12548208.0,Africa,33.886917,9.537499
Burkina Faso,110,4.548,0.756,0.685,0.274,0.483,0.179,0.173,1.999,2024,ðŸ˜‘,71874313.0,Africa,12.238333,-1.561593
Uganda,117,4.372,0.772,1.151,0.373,0.587,0.054,0.178,1.256,2024,ðŸ˜¡,49710504.0,Africa,1.373333,32.290275
Burkina Faso,110,4.548,0.756,0.685,0.274,0.483,0.179,0.173,1.999,2024,ðŸ˜‘,71874313.0,Africa,12.238333,-1.561593
Libya,66,5.866,1.526,1.1,0.55,0.592,0.204,0.111,1.785,2024,ðŸ˜‘,3718424.0,Africa,26.3351,17.228331
Liberia,121,4.269,0.619,0.673,0.301,0.546,0.075,0.178,1.878,2024,ðŸ˜¡,3806664.0,Africa,6.428055,-9.429499
Nepal,93,5.158,0.965,0.99,0.443,0.653,0.115,0.209,1.783,2024,ðŸ˜‘,396346.0,Asia,28.394857,84.124008
Singapore,30,6.523,2.118,1.361,0.769,0.743,0.575,0.168,0.788,2024,ðŸ¤©,56789.0,Asia,1.352083,103.819836
Bangladesh,129,3.886,1.122,0.249,0.513,0.775,0.167,0.14,0.919,2024,ðŸ˜¡,69102946.0,Asia,23.684994,90.356331
Malaysia,59,5.975,1.646,1.143,0.54,0.829,0.119,0.226,1.473,2024,ðŸ˜‘,627786.0,Asia,4.210484,101.975766
Afghanistan,143,1.721,0.628,0.0,0.242,0.0,0.088,0.091,0.672,2024,ðŸ˜¡,341529256.0,Asia,33.93911,67.709953
Vietnam,54,6.043,1.331,1.267,0.539,0.843,0.16,0.094,1.81,2024,ðŸ¤©,99399296.0,Asia,14.058324,108.277199
Israel,5,7.341,1.803,1.513,0.74,0.641,0.193,0.153,2.298,2024,ðŸ¤©,5935200.0,Asia,31.046051,34.851612
Kyrgyzstan,75,5.714,1.054,1.477,0.588,0.834,0.03,0.225,1.505,2024,ðŸ˜‘,6823125.0,Asia,41.20438,74.766098
Afghanistan,143,1.721,0.628,0.0,0.242,0.0,0.088,0.091,0.672,2024,ðŸ˜¡,341529256.0,Asia,33.93911,67.709953
Romania,32,6.491,1.699,1.236,0.583,0.717,0.006,0.041,2.21,2024,ðŸ¤©,94816.0,Asia,45.943161,24.96676
Poland,35,6.442,1.738,1.417,0.639,0.6,0.175,0.081,1.791,2024,ðŸ¤©,180805.0,Europe,51.919438,19.145136
Belgium,16,6.894,1.868,1.44,0.69,0.729,0.311,0.17,1.686,2024,ðŸ¤©,86190999.0,Europe,50.503887,4.469936
Lithuania,19,6.818,1.766,1.454,0.598,0.533,0.116,0.044,2.307,2024,ðŸ¤©,2712702.0,Europe,55.169438,23.881275
Slovakia,45,6.257,1.706,1.54,0.638,0.566,0.058,0.096,1.653,2024,ðŸ¤©,5715317.0,Europe,48.669026,19.699024
Russia,72,5.785,1.642,1.351,0.531,0.551,0.121,0.138,1.451,2024,ðŸ˜‘,144032490.0,Europe,55.751244,37.618423
Austria,14,6.905,1.885,1.336,0.696,0.703,0.305,0.214,1.766,2024,ðŸ¤©,105085250.0,Europe,47.516231,14.550072
Poland,35,6.442,1.738,1.417,0.639,0.6,0.175,0.081,1.791,2024,ðŸ¤©,180805.0,Europe,51.919438,19.145136
Austria,14,6.905,1.885,1.336,0.696,0.703,0.305,0.214,1.766,2024,ðŸ¤©,105085250.0,Europe,47.516231,14.550072
Switzerland,9,7.06,1.97,1.425,0.747,0.759,0.498,0.173,1.488,2024,ðŸ¤©,39055607.0,Europe,46.818188,8.227512
Cyprus,50,6.068,1.794,1.217,0.744,0.529,0.049,0.124,1.611,2024,ðŸ¤©,28071170.0,Europe,35.126413,33.429859
Dominican Republic,69,5.823,1.517,1.272,0.511,0.73,0.196,0.086,1.512,2024,ðŸ˜‘,23746358.0,North America,18.735693,-70.162651
Costa Rica,12,6.955,1.561,1.373,0.661,0.797,0.123,0.109,2.333,2024,ðŸ¤©,31186379.0,North America,9.748917,-83.753428
United States,23,6.725,1.939,1.392,0.542,0.586,0.169,0.223,1.873,2024,ðŸ¤©,341529256.0,North America,37.09024,-95.712891
Jamaica,67,5.842,1.28,1.324,0.567,0.647,0.028,0.089,1.907,2024,ðŸ˜‘,5715317.0,North America,18.109581,-77.297508
Honduras,61,5.968,1.091,1.035,0.502,0.72,0.081,0.175,2.364,2024,ðŸ˜‘,9290177.0,North America,15.199999,-86.241905
Honduras,61,5.968,1.091,1.035,0.502,0.72,0.081,0.175,2.364,2024,ðŸ˜‘,9290177.0,North America,15.199999,-86.241905
Dominican Republic,69,5.823,1.517,1.272,0.511,0.73,0.196,0.086,1.512,2024,ðŸ˜‘,23746358.0,North America,18.735693,-70.162651
Panama,39,6.358,1.702,1.392,0.633,0.72,0.043,0.063,1.806,2024,ðŸ¤©,295467.0,North America,8.537981,-80.782127
Honduras,61,5.968,1.091,1.035,0.502,0.72,0.081,0.175,2.364,2024,ðŸ˜‘,9290177.0,North America,15.199999,-86.241905
Costa Rica,12,6.955,1.561,1.373,0.661,0.797,0.123,0.109,2.333,2024,ðŸ¤©,31186379.0,North America,9.748917,-83.753428
Australia,10,7.057,1.854,1.461,0.692,0.756,0.323,0.225,1.745,2024,ðŸ¤©,114200087.0,Oceania,-25.274398,133.775136
New Zealand,11,7.029,1.81,1.527,0.673,0.746,0.48,0.226,1.567,2024,ðŸ¤©,366416.0,Oceania,-40.900557,174.885971
Uruguay,26,6.611,1.596,1.431,0.592,0.775,0.22,0.106,1.891,2024,ðŸ¤©,3423316.0,South America,-32.522779,-55.765835
Chile,38,6.36,1.616,1.369,0.673,0.651,0.075,0.117,1.858,2024,ðŸ¤©,37774014.0,South America,-35.675147,-71.542969
Brazil,44,6.272,1.43,1.269,0.548,0.685,0.142,0.13,2.068,2024,ðŸ¤©,49710504.0,South America,-14.235004,-51.92528
Argentina,48,6.188,1.562,1.381,0.585,0.681,0.08,0.087,1.812,2024,ðŸ¤©,129212317.0,South America,-38.416097,-63.616672
Paraguay,57,5.977,1.398,1.408,0.549,0.788,0.065,0.131,1.637,2024,ðŸ˜‘,112843.0,South America,-23.442503,-58.443832
Peru,68,5.841,1.371,1.18,0.662,0.615,0.029,0.078,1.907,2024,ðŸ˜‘,282309.0,South America,-9.189967,-75.015152
Bolivia,73,5.784,1.217,1.179,0.488,0.719,0.061,0.1,2.02,2024,ðŸ˜‘,51749454.0,South America,-16.290154,-63.588653
Ecuador,74,5.725,1.315,1.151,0.64,0.606,0.078,0.087,1.846,2024,ðŸ˜‘,18756255.0,South America,-1.831239,-78.183406
Colombia,78,5.695,1.437,1.241,0.648,0.644,0.059,0.072,1.596,2024,ðŸ˜‘,34672646.0,South America,4.570868,-74.297333
Venezuela,79,5.607,0.0,1.321,0.491,0.518,0.086,0.192,2.998,2024,ðŸ˜‘,29308436.0,South America,6.42375,-66.58973
